time,json_config,trained,params,c_v,score
2025-04-20T10:53:44,smooth_trial01_0000.json,yes,"{""stage1"": {""gr"": 140, ""H_min"": 0.4, ""alpha_vp"": 0.6000000000000001, ""beta"": 0.8, ""buffer_size"": 30}, ""stage2"": {""gr"": 330, ""H_min"": 0.8, ""alpha_vp"": 2.0, ""beta"": 2.0, ""buffer_size"": 40}, ""stage3"": {""gr"": 500, ""H_min"": 0.0, ""alpha_vp"": 1.2000000000000002, ""beta"": 1.6, ""buffer_size"": 0}}",0.1,0.41955143176019194
2025-04-20T11:26:16,smooth_trial01_0001.json,yes,"{""stage1"": {""gr"": 80, ""H_min"": 0.6000000000000001, ""alpha_vp"": 0.6000000000000001, ""beta"": 0.6000000000000001, ""buffer_size"": 20}, ""stage2"": {""gr"": 430, ""H_min"": 0.2, ""alpha_vp"": 0.8, ""beta"": 0.4, ""buffer_size"": 40}, ""stage3"": {""gr"": 500, ""H_min"": 0.3, ""alpha_vp"": 0.4, ""beta"": 1.6, ""buffer_size"": 10}}",0.1,0.5150417864322663
2025-04-20T11:57:54,smooth_trial01_0002.json,yes,"{""stage1"": {""gr"": 200, ""H_min"": 1.0, ""alpha_vp"": 0.0, ""beta"": 0.2, ""buffer_size"": 40}, ""stage2"": {""gr"": 410, ""H_min"": 0.2, ""alpha_vp"": 0.4, ""beta"": 0.4, ""buffer_size"": 30}, ""stage3"": {""gr"": 500, ""H_min"": 1.5, ""alpha_vp"": 1.2000000000000002, ""beta"": 1.6, ""buffer_size"": 0}}",0.1,0.49762959182262423
2025-04-20T12:28:27,smooth_trial01_0003.json,yes,"{""stage1"": {""gr"": 80, ""H_min"": 1.0, ""alpha_vp"": 0.4, ""beta"": 0.0, ""buffer_size"": 0}, ""stage2"": {""gr"": 330, ""H_min"": 0.6000000000000001, ""alpha_vp"": 1.2000000000000002, ""beta"": 0.8, ""buffer_size"": 10}, ""stage3"": {""gr"": 500, ""H_min"": 1.2, ""alpha_vp"": 1.2000000000000002, ""beta"": 0.0, ""buffer_size"": 10}}",0.1,0.51962776966393
2025-04-20T13:01:13,smooth_trial01_0004.json,yes,"{""stage1"": {""gr"": 120, ""H_min"": 0.0, ""alpha_vp"": 0.4, ""beta"": 0.2, ""buffer_size"": 20}, ""stage2"": {""gr"": 410, ""H_min"": 1.0, ""alpha_vp"": 0.8, ""beta"": 1.2000000000000002, ""buffer_size"": 10}, ""stage3"": {""gr"": 500, ""H_min"": 0.6, ""alpha_vp"": 0.0, ""beta"": 1.2000000000000002, ""buffer_size"": 30}}",0.1,0.4699990913271904
2025-04-20T13:33:09,smooth_trial01_0005.json,yes,"{""stage1"": {""gr"": 120, ""H_min"": 1.0, ""alpha_vp"": 0.6000000000000001, ""beta"": 0.6000000000000001, ""buffer_size"": 40}, ""stage2"": {""gr"": 430, ""H_min"": 1.0, ""alpha_vp"": 0.4, ""beta"": 1.2000000000000002, ""buffer_size"": 10}, ""stage3"": {""gr"": 500, ""H_min"": 1.5, ""alpha_vp"": 1.2000000000000002, ""beta"": 1.2000000000000002, ""buffer_size"": 10}}",0.1,0.4588038673624396
2025-04-20T15:50:53,smooth_trial01_0006.json,yes,"{""stage1"": {""gr"": 90, ""H_min"": 0.2, ""alpha_vp"": 0.4, ""beta"": 0.6000000000000001, ""buffer_size"": 0}, ""stage2"": {""gr"": 160, ""H_min"": 0.4, ""alpha_vp"": 1.6, ""beta"": 0.4, ""buffer_size"": 30}, ""stage3"": {""gr"": 500, ""H_min"": 0.8999999999999999, ""alpha_vp"": 0.0, ""beta"": 1.2000000000000002, ""buffer_size"": 40}}",0.1,0.5078551594167948
2025-04-20T16:35:56,smooth_trial01_0007.json,yes,"{""stage1"": {""gr"": 190, ""H_min"": 0.2, ""alpha_vp"": 0.8, ""beta"": 0.6000000000000001, ""buffer_size"": 0}, ""stage2"": {""gr"": 420, ""H_min"": 0.0, ""alpha_vp"": 0.4, ""beta"": 0.0, ""buffer_size"": 20}, ""stage3"": {""gr"": 500, ""H_min"": 0.0, ""alpha_vp"": 1.2000000000000002, ""beta"": 1.2000000000000002, ""buffer_size"": 0}}",0.1,0.41941179148852825
2025-04-20T17:13:38,smooth_trial01_0008.json,yes,"{""stage1"": {""gr"": 150, ""H_min"": 0.4, ""alpha_vp"": 0.0, ""beta"": 0.0, ""buffer_size"": 30}, ""stage2"": {""gr"": 200, ""H_min"": 0.0, ""alpha_vp"": 0.0, ""beta"": 1.2000000000000002, ""buffer_size"": 10}, ""stage3"": {""gr"": 500, ""H_min"": 1.5, ""alpha_vp"": 0.0, ""beta"": 0.8, ""buffer_size"": 10}}",0.1,0.4945432004053146
2025-04-20T17:51:37,smooth_trial01_0009.json,yes,"{""stage1"": {""gr"": 90, ""H_min"": 0.4, ""alpha_vp"": 0.8, ""beta"": 1.0, ""buffer_size"": 40}, ""stage2"": {""gr"": 440, ""H_min"": 0.6000000000000001, ""alpha_vp"": 0.8, ""beta"": 1.2000000000000002, ""buffer_size"": 0}, ""stage3"": {""gr"": 500, ""H_min"": 0.3, ""alpha_vp"": 1.2000000000000002, ""beta"": 1.2000000000000002, ""buffer_size"": 30}}",0.1,0.43797816149890423
2025-04-20T19:09:22,smooth_trial01_0013.json,yes,"{""stage1"": {""gr"": 50, ""H_min"": 0.8, ""alpha_vp"": 0.2, ""beta"": 0.0, ""buffer_size"": 10}, ""stage2"": {""gr"": 280, ""H_min"": 0.6000000000000001, ""alpha_vp"": 1.6, ""beta"": 2.0, ""buffer_size"": 0}, ""stage3"": {""gr"": 500, ""H_min"": 0.8999999999999999, ""alpha_vp"": 2.0, ""beta"": 0.0, ""buffer_size"": 20}}",0.1,0.5071830628439784
2025-04-20T19:39:38,smooth_trial01_0014.json,yes,"{""stage1"": {""gr"": 50, ""H_min"": 0.8, ""alpha_vp"": 1.0, ""beta"": 0.4, ""buffer_size"": 10}, ""stage2"": {""gr"": 340, ""H_min"": 0.4, ""alpha_vp"": 1.2000000000000002, ""beta"": 0.4, ""buffer_size"": 40}, ""stage3"": {""gr"": 500, ""H_min"": 0.6, ""alpha_vp"": 0.4, ""beta"": 0.0, ""buffer_size"": 10}}",0.1,0.5320214297622442
2025-04-20T20:10:51,smooth_trial01_0015.json,yes,"{""stage1"": {""gr"": 50, ""H_min"": 0.8, ""alpha_vp"": 1.0, ""beta"": 0.2, ""buffer_size"": 10}, ""stage2"": {""gr"": 320, ""H_min"": 0.4, ""alpha_vp"": 1.2000000000000002, ""beta"": 0.8, ""buffer_size"": 20}, ""stage3"": {""gr"": 500, ""H_min"": 1.2, ""alpha_vp"": 0.8, ""beta"": 0.0, ""buffer_size"": 20}}",0.1,0.5263110702857375
2025-04-20T20:40:57,smooth_trial01_0016.json,yes,"{""stage1"": {""gr"": 50, ""H_min"": 0.8, ""alpha_vp"": 1.0, ""beta"": 0.4, ""buffer_size"": 10}, ""stage2"": {""gr"": 340, ""H_min"": 0.4, ""alpha_vp"": 1.2000000000000002, ""beta"": 0.0, ""buffer_size"": 30}, ""stage3"": {""gr"": 500, ""H_min"": 0.6, ""alpha_vp"": 0.4, ""beta"": 0.4, ""buffer_size"": 20}}",0.1,0.5070713248103857
2025-04-20T21:11:58,smooth_trial01_0017.json,yes,"{""stage1"": {""gr"": 50, ""H_min"": 0.8, ""alpha_vp"": 1.0, ""beta"": 0.4, ""buffer_size"": 10}, ""stage2"": {""gr"": 260, ""H_min"": 0.2, ""alpha_vp"": 1.6, ""beta"": 0.8, ""buffer_size"": 20}, ""stage3"": {""gr"": 500, ""H_min"": 1.2, ""alpha_vp"": 0.4, ""beta"": 0.4, ""buffer_size"": 30}}",0.1,0.51443095151335
2025-04-20T21:45:14,smooth_trial01_0018.json,yes,"{""stage1"": {""gr"": 70, ""H_min"": 0.6000000000000001, ""alpha_vp"": 1.0, ""beta"": 0.2, ""buffer_size"": 10}, ""stage2"": {""gr"": 260, ""H_min"": 0.4, ""alpha_vp"": 2.0, ""beta"": 1.6, ""buffer_size"": 30}, ""stage3"": {""gr"": 500, ""H_min"": 1.2, ""alpha_vp"": 0.8, ""beta"": 0.4, ""buffer_size"": 20}}",0.1,0.5275407663546503
2025-04-20T22:16:42,smooth_trial01_0019.json,yes,"{""stage1"": {""gr"": 70, ""H_min"": 0.6000000000000001, ""alpha_vp"": 0.8, ""beta"": 0.4, ""buffer_size"": 20}, ""stage2"": {""gr"": 240, ""H_min"": 0.8, ""alpha_vp"": 2.0, ""beta"": 1.6, ""buffer_size"": 40}, ""stage3"": {""gr"": 500, ""H_min"": 0.8999999999999999, ""alpha_vp"": 0.8, ""beta"": 0.4, ""buffer_size"": 20}}",0.1,0.5185769632458687
2025-04-20T22:48:36,smooth_trial01_0020.json,yes,"{""stage1"": {""gr"": 110, ""H_min"": 0.6000000000000001, ""alpha_vp"": 1.0, ""beta"": 0.2, ""buffer_size"": 10}, ""stage2"": {""gr"": 380, ""H_min"": 0.2, ""alpha_vp"": 2.0, ""beta"": 2.0, ""buffer_size"": 30}, ""stage3"": {""gr"": 500, ""H_min"": 0.6, ""alpha_vp"": 2.0, ""beta"": 0.8, ""buffer_size"": 40}}",0.1,0.5277321546338498
2025-04-20T23:21:07,smooth_trial01_0021.json,yes,"{""stage1"": {""gr"": 170, ""H_min"": 0.6000000000000001, ""alpha_vp"": 0.8, ""beta"": 0.8, ""buffer_size"": 30}, ""stage2"": {""gr"": 380, ""H_min"": 0.2, ""alpha_vp"": 1.6, ""beta"": 1.6, ""buffer_size"": 40}, ""stage3"": {""gr"": 500, ""H_min"": 0.3, ""alpha_vp"": 2.0, ""beta"": 2.0, ""buffer_size"": 40}}",0.1,0.46826293766498567
2025-04-20T23:53:58,smooth_trial01_0022.json,yes,"{""stage1"": {""gr"": 110, ""H_min"": 0.8, ""alpha_vp"": 1.0, ""beta"": 0.4, ""buffer_size"": 0}, ""stage2"": {""gr"": 380, ""H_min"": 0.0, ""alpha_vp"": 2.0, ""beta"": 0.4, ""buffer_size"": 30}, ""stage3"": {""gr"": 500, ""H_min"": 0.6, ""alpha_vp"": 2.0, ""beta"": 0.8, ""buffer_size"": 40}}",0.1,0.5054339369758963
2025-04-21T09:25:07,smooth_trial01_0024.json,yes,"{""stage1"": {""gr"": 150, ""H_min"": 0.2, ""alpha_vp"": 0.8, ""beta"": 0.2, ""buffer_size"": 10}, ""stage2"": {""gr"": 360, ""H_min"": 0.2, ""alpha_vp"": 0.0, ""beta"": 2.0, ""buffer_size"": 40}, ""stage3"": {""gr"": 500, ""H_min"": 0.3, ""alpha_vp"": 1.6, ""beta"": 0.8, ""buffer_size"": 30}}",0.1,0.5180353496223689
2025-04-21T09:57:16,smooth_trial01_0025.json,yes,"{""stage1"": {""gr"": 70, ""H_min"": 0.6000000000000001, ""alpha_vp"": 1.0, ""beta"": 0.2, ""buffer_size"": 10}, ""stage2"": {""gr"": 220, ""H_min"": 0.6000000000000001, ""alpha_vp"": 2.0, ""beta"": 1.6, ""buffer_size"": 30}, ""stage3"": {""gr"": 500, ""H_min"": 0.6, ""alpha_vp"": 0.8, ""beta"": 0.4, ""buffer_size"": 10}}",0.1,0.5136012211441994
2025-04-21T10:27:55,smooth_trial01_0026.json,yes,"{""stage1"": {""gr"": 110, ""H_min"": 0.6000000000000001, ""alpha_vp"": 1.0, ""beta"": 0.2, ""buffer_size"": 20}, ""stage2"": {""gr"": 300, ""H_min"": 0.4, ""alpha_vp"": 1.6, ""beta"": 1.6, ""buffer_size"": 30}, ""stage3"": {""gr"": 500, ""H_min"": 0.8999999999999999, ""alpha_vp"": 1.6, ""beta"": 0.0, ""buffer_size"": 20}}",0.1,0.5338425946421921
2025-04-21T10:59:44,smooth_trial01_0027.json,yes,"{""stage1"": {""gr"": 110, ""H_min"": 0.4, ""alpha_vp"": 0.8, ""beta"": 0.4, ""buffer_size"": 20}, ""stage2"": {""gr"": 360, ""H_min"": 0.4, ""alpha_vp"": 1.6, ""beta"": 2.0, ""buffer_size"": 30}, ""stage3"": {""gr"": 500, ""H_min"": 0.8999999999999999, ""alpha_vp"": 1.6, ""beta"": 0.0, ""buffer_size"": 20}}",0.1,0.5192606512457132
2025-04-21T11:28:42,smooth_trial01_0028.json,yes,"{""stage1"": {""gr"": 130, ""H_min"": 0.8, ""alpha_vp"": 1.0, ""beta"": 0.0, ""buffer_size"": 20}, ""stage2"": {""gr"": 300, ""H_min"": 0.2, ""alpha_vp"": 1.2000000000000002, ""beta"": 1.6, ""buffer_size"": 40}, ""stage3"": {""gr"": 500, ""H_min"": 0.6, ""alpha_vp"": 1.6, ""beta"": 0.0, ""buffer_size"": 30}}",0.1,0.5294839084148407
2025-04-21T11:57:21,smooth_trial01_0029.json,yes,"{""stage1"": {""gr"": 150, ""H_min"": 0.8, ""alpha_vp"": 0.8, ""beta"": 0.0, ""buffer_size"": 20}, ""stage2"": {""gr"": 300, ""H_min"": 0.4, ""alpha_vp"": 1.2000000000000002, ""beta"": 1.6, ""buffer_size"": 40}, ""stage3"": {""gr"": 500, ""H_min"": 0.8999999999999999, ""alpha_vp"": 1.6, ""beta"": 0.0, ""buffer_size"": 30}}",0.1,0.5268146134912968
2025-04-21T12:26:14,smooth_trial01_0030.json,yes,"{""stage1"": {""gr"": 170, ""H_min"": 1.0, ""alpha_vp"": 1.0, ""beta"": 0.0, ""buffer_size"": 30}, ""stage2"": {""gr"": 300, ""H_min"": 0.8, ""alpha_vp"": 1.2000000000000002, ""beta"": 0.8, ""buffer_size"": 40}, ""stage3"": {""gr"": 500, ""H_min"": 0.6, ""alpha_vp"": 1.6, ""beta"": 0.0, ""buffer_size"": 10}}",0.1,0.5187286876142025
2025-04-21T12:56:59,smooth_trial01_0031.json,yes,"{""stage1"": {""gr"": 130, ""H_min"": 0.8, ""alpha_vp"": 0.6000000000000001, ""beta"": 0.0, ""buffer_size"": 20}, ""stage2"": {""gr"": 280, ""H_min"": 0.0, ""alpha_vp"": 0.8, ""beta"": 1.2000000000000002, ""buffer_size"": 40}, ""stage3"": {""gr"": 500, ""H_min"": 0.3, ""alpha_vp"": 1.6, ""beta"": 0.4, ""buffer_size"": 30}}",0.1,0.5265779746696353
2025-04-21T13:28:32,smooth_trial01_0032.json,yes,"{""stage1"": {""gr"": 170, ""H_min"": 1.0, ""alpha_vp"": 0.2, ""beta"": 0.4, ""buffer_size"": 20}, ""stage2"": {""gr"": 300, ""H_min"": 0.2, ""alpha_vp"": 1.6, ""beta"": 1.6, ""buffer_size"": 40}, ""stage3"": {""gr"": 500, ""H_min"": 0.8999999999999999, ""alpha_vp"": 0.4, ""beta"": 0.0, ""buffer_size"": 20}}",0.1,0.5220115287229419
2025-04-21T13:58:12,smooth_trial01_0033.json,yes,"{""stage1"": {""gr"": 130, ""H_min"": 0.8, ""alpha_vp"": 0.6000000000000001, ""beta"": 0.8, ""buffer_size"": 30}, ""stage2"": {""gr"": 340, ""H_min"": 0.8, ""alpha_vp"": 1.2000000000000002, ""beta"": 0.0, ""buffer_size"": 40}, ""stage3"": {""gr"": 500, ""H_min"": 0.0, ""alpha_vp"": 1.6, ""beta"": 0.0, ""buffer_size"": 0}}",0.1,0.5172113196924328
2025-04-21T14:30:38,smooth_trial01_0034.json,yes,"{""stage1"": {""gr"": 130, ""H_min"": 0.6000000000000001, ""alpha_vp"": 1.0, ""beta"": 0.2, ""buffer_size"": 20}, ""stage2"": {""gr"": 280, ""H_min"": 0.4, ""alpha_vp"": 1.6, ""beta"": 1.6, ""buffer_size"": 30}, ""stage3"": {""gr"": 500, ""H_min"": 0.6, ""alpha_vp"": 2.0, ""beta"": 0.4, ""buffer_size"": 10}}",0.1,0.5149028524756432
2025-04-21T15:03:07,smooth_trial01_0035.json,yes,"{""stage1"": {""gr"": 110, ""H_min"": 0.6000000000000001, ""alpha_vp"": 1.0, ""beta"": 0.2, ""buffer_size"": 10}, ""stage2"": {""gr"": 380, ""H_min"": 0.2, ""alpha_vp"": 2.0, ""beta"": 2.0, ""buffer_size"": 20}, ""stage3"": {""gr"": 500, ""H_min"": 0.6, ""alpha_vp"": 2.0, ""beta"": 2.0, ""buffer_size"": 40}}",0.1,0.5097922209650279
2025-04-21T15:33:32,smooth_trial01_0036.json,yes,"{""stage1"": {""gr"": 90, ""H_min"": 0.6000000000000001, ""alpha_vp"": 1.0, ""beta"": 0.0, ""buffer_size"": 20}, ""stage2"": {""gr"": 320, ""H_min"": 0.2, ""alpha_vp"": 1.6, ""beta"": 2.0, ""buffer_size"": 30}, ""stage3"": {""gr"": 500, ""H_min"": 0.6, ""alpha_vp"": 2.0, ""beta"": 0.8, ""buffer_size"": 40}}",0.1,0.5236422782763839
2025-04-21T16:05:38,smooth_trial01_0037.json,yes,"{""stage1"": {""gr"": 110, ""H_min"": 0.4, ""alpha_vp"": 0.8, ""beta"": 0.2, ""buffer_size"": 10}, ""stage2"": {""gr"": 360, ""H_min"": 0.2, ""alpha_vp"": 2.0, ""beta"": 2.0, ""buffer_size"": 40}, ""stage3"": {""gr"": 500, ""H_min"": 0.3, ""alpha_vp"": 1.6, ""beta"": 1.6, ""buffer_size"": 30}}",0.1,0.5164436236023903
2025-04-21T16:37:30,smooth_trial01_0038.json,yes,"{""stage1"": {""gr"": 90, ""H_min"": 0.6000000000000001, ""alpha_vp"": 1.0, ""beta"": 0.4, ""buffer_size"": 0}, ""stage2"": {""gr"": 400, ""H_min"": 0.4, ""alpha_vp"": 1.2000000000000002, ""beta"": 0.4, ""buffer_size"": 20}, ""stage3"": {""gr"": 500, ""H_min"": 0.8999999999999999, ""alpha_vp"": 2.0, ""beta"": 0.0, ""buffer_size"": 40}}",0.1,0.5190920004621148
2025-04-21T17:09:01,smooth_trial01_0039.json,yes,"{""stage1"": {""gr"": 130, ""H_min"": 0.8, ""alpha_vp"": 0.8, ""beta"": 0.0, ""buffer_size"": 20}, ""stage2"": {""gr"": 340, ""H_min"": 0.2, ""alpha_vp"": 0.8, ""beta"": 1.6, ""buffer_size"": 30}, ""stage3"": {""gr"": 500, ""H_min"": 0.6, ""alpha_vp"": 1.6, ""beta"": 0.4, ""buffer_size"": 0}}",0.1,0.5134350147098303
2025-04-21T17:38:34,smooth_trial01_0040.json,yes,"{""stage1"": {""gr"": 150, ""H_min"": 1.0, ""alpha_vp"": 1.0, ""beta"": 0.2, ""buffer_size"": 30}, ""stage2"": {""gr"": 320, ""H_min"": 0.6000000000000001, ""alpha_vp"": 1.6, ""beta"": 2.0, ""buffer_size"": 40}, ""stage3"": {""gr"": 500, ""H_min"": 0.8999999999999999, ""alpha_vp"": 1.2000000000000002, ""beta"": 0.0, ""buffer_size"": 30}}",0.1,0.5247570857405662
2025-04-21T18:11:42,smooth_trial01_0041.json,yes,"{""stage1"": {""gr"": 110, ""H_min"": 0.4, ""alpha_vp"": 0.8, ""beta"": 0.2, ""buffer_size"": 10}, ""stage2"": {""gr"": 400, ""H_min"": 0.0, ""alpha_vp"": 1.2000000000000002, ""beta"": 1.2000000000000002, ""buffer_size"": 30}, ""stage3"": {""gr"": 500, ""H_min"": 1.2, ""alpha_vp"": 1.2000000000000002, ""beta"": 0.8, ""buffer_size"": 10}}",0.1,0.5051295389421284
2025-04-21T19:21:18,smooth_trial01_0042.json,yes,"{""stage1"": {""gr"": 90, ""H_min"": 0.6000000000000001, ""alpha_vp"": 1.0, ""beta"": 0.6000000000000001, ""buffer_size"": 0}, ""stage2"": {""gr"": 140, ""H_min"": 0.4, ""alpha_vp"": 0.8, ""beta"": 1.6, ""buffer_size"": 40}, ""stage3"": {""gr"": 500, ""H_min"": 0.6, ""alpha_vp"": 0.0, ""beta"": 0.0, ""buffer_size"": 40}}",0.1,0.5279328797012568
2025-04-21T19:54:11,smooth_trial01_0043.json,yes,"{""stage1"": {""gr"": 70, ""H_min"": 0.0, ""alpha_vp"": 0.6000000000000001, ""beta"": 0.6000000000000001, ""buffer_size"": 0}, ""stage2"": {""gr"": 180, ""H_min"": 0.6000000000000001, ""alpha_vp"": 0.4, ""beta"": 1.2000000000000002, ""buffer_size"": 40}, ""stage3"": {""gr"": 500, ""H_min"": 0.0, ""alpha_vp"": 0.0, ""beta"": 0.0, ""buffer_size"": 30}}",0.1,0.5205643236637115
2025-04-21T22:02:12,smooth_trial01_0044.json,yes,"{""stage1"": {""gr"": 100, ""H_min"": 0.7000000000000001, ""alpha_vp"": 1.1, ""beta"": 0.08, ""buffer_size"": 16}, ""stage2"": {""gr"": 150, ""H_min"": 0.54, ""alpha_vp"": 1.7, ""beta"": 1.92, ""buffer_size"": 36}, ""stage3"": {""gr"": 500, ""H_min"": 0.64, ""alpha_vp"": 1.7, ""beta"": 0.1, ""buffer_size"": 26}}",0.1,0.5105563115328551
2025-04-21T22:32:50,smooth_trial01_0045.json,yes,"{""stage1"": {""gr"": 100, ""H_min"": 0.65, ""alpha_vp"": 1.05, ""beta"": 0.12, ""buffer_size"": 16}, ""stage2"": {""gr"": 180, ""H_min"": 0.54, ""alpha_vp"": 1.85, ""beta"": 1.96, ""buffer_size"": 36}, ""stage3"": {""gr"": 500, ""H_min"": 0.64, ""alpha_vp"": 1.75, ""beta"": 0.1, ""buffer_size"": 16}}",0.1,0.5184901619330049
2025-04-21T23:03:34,smooth_trial01_0046.json,yes,"{""stage1"": {""gr"": 115, ""H_min"": 0.55, ""alpha_vp"": 0.9500000000000001, ""beta"": 0.24, ""buffer_size"": 24}, ""stage2"": {""gr"": 225, ""H_min"": 0.54, ""alpha_vp"": 1.5, ""beta"": 1.8800000000000001, ""buffer_size"": 36}, ""stage3"": {""gr"": 500, ""H_min"": 0.64, ""alpha_vp"": 1.5, ""beta"": 0.05, ""buffer_size"": 26}}",0.1,0.5181783633306623
2025-04-21T23:34:31,smooth_trial01_0047.json,yes,"{""stage1"": {""gr"": 100, ""H_min"": 0.75, ""alpha_vp"": 0.9500000000000001, ""beta"": 0.26, ""buffer_size"": 14}, ""stage2"": {""gr"": 445, ""H_min"": 0.66, ""alpha_vp"": 1.4, ""beta"": 1.96, ""buffer_size"": 38}, ""stage3"": {""gr"": 500, ""H_min"": 0.6799999999999999, ""alpha_vp"": 1.85, ""beta"": 0.05, ""buffer_size"": 16}}",0.1,0.5208209615200758
2025-04-22T00:05:38,smooth_trial01_0048.json,yes,"{""stage1"": {""gr"": 105, ""H_min"": 0.55, ""alpha_vp"": 1.05, ""beta"": 0.12, ""buffer_size"": 24}, ""stage2"": {""gr"": 260, ""H_min"": 0.66, ""alpha_vp"": 1.85, ""beta"": 1.86, ""buffer_size"": 32}, ""stage3"": {""gr"": 500, ""H_min"": 0.6799999999999999, ""alpha_vp"": 1.45, ""beta"": 0.05, ""buffer_size"": 26}}",0.1,0.5260294886305928
2025-04-22T00:36:49,smooth_trial01_0049.json,yes,"{""stage1"": {""gr"": 95, ""H_min"": 0.65, ""alpha_vp"": 0.9500000000000001, ""beta"": 0.16, ""buffer_size"": 12}, ""stage2"": {""gr"": 310, ""H_min"": 0.54, ""alpha_vp"": 1.35, ""beta"": 1.84, ""buffer_size"": 28}, ""stage3"": {""gr"": 500, ""H_min"": 0.6599999999999999, ""alpha_vp"": 1.35, ""beta"": 0.1, ""buffer_size"": 28}}",0.1,0.5220964025706053
2025-04-22T09:27:58,smooth_trial01_0052.json,yes,"{""stage1"": {""gr"": 115, ""H_min"": 0.75, ""alpha_vp"": 1.05, ""beta"": 0.3, ""buffer_size"": 18}, ""stage2"": {""gr"": 370, ""H_min"": 0.66, ""alpha_vp"": 1.8, ""beta"": 1.82, ""buffer_size"": 34}, ""stage3"": {""gr"": 500, ""H_min"": 0.74, ""alpha_vp"": 1.9, ""beta"": 0.05, ""buffer_size"": 24}}",0.1,0.5201699741184711
2025-04-22T09:58:06,smooth_trial01_0053.json,yes,"{""stage1"": {""gr"": 105, ""H_min"": 0.55, ""alpha_vp"": 0.9500000000000001, ""beta"": 0.04, ""buffer_size"": 22}, ""stage2"": {""gr"": 345, ""H_min"": 0.54, ""alpha_vp"": 1.35, ""beta"": 1.92, ""buffer_size"": 38}, ""stage3"": {""gr"": 500, ""H_min"": 0.86, ""alpha_vp"": 1.3, ""beta"": 0.2, ""buffer_size"": 22}}",0.1,0.5168083112686872
2025-04-22T10:29:00,smooth_trial01_0054.json,yes,"{""stage1"": {""gr"": 85, ""H_min"": 0.75, ""alpha_vp"": 1.1, ""beta"": 0.32, ""buffer_size"": 12}, ""stage2"": {""gr"": 135, ""H_min"": 0.58, ""alpha_vp"": 1.45, ""beta"": 1.82, ""buffer_size"": 28}, ""stage3"": {""gr"": 500, ""H_min"": 0.98, ""alpha_vp"": 1.7, ""beta"": 0.15000000000000002, ""buffer_size"": 14}}",0.1,0.5065013131126761
2025-04-22T11:00:18,smooth_trial01_0055.json,yes,"{""stage1"": {""gr"": 115, ""H_min"": 0.65, ""alpha_vp"": 1.05, ""beta"": 0.16, ""buffer_size"": 18}, ""stage2"": {""gr"": 400, ""H_min"": 0.66, ""alpha_vp"": 1.7, ""beta"": 1.96, ""buffer_size"": 28}, ""stage3"": {""gr"": 500, ""H_min"": 0.62, ""alpha_vp"": 1.5, ""beta"": 0.30000000000000004, ""buffer_size"": 28}}",0.1,0.5070900743827224
2025-04-22T11:32:51,smooth_trial01_0056.json,yes,"{""stage1"": {""gr"": 120, ""H_min"": 0.5, ""alpha_vp"": 0.9, ""beta"": 0.36, ""buffer_size"": 22}, ""stage2"": {""gr"": 425, ""H_min"": 0.5, ""alpha_vp"": 1.3, ""beta"": 1.98, ""buffer_size"": 26}, ""stage3"": {""gr"": 500, ""H_min"": 0.72, ""alpha_vp"": 1.9, ""beta"": 0.05, ""buffer_size"": 12}}",0.1,0.5080940430983901
2025-04-22T12:04:14,smooth_trial01_0057.json,yes,"{""stage1"": {""gr"": 85, ""H_min"": 0.65, ""alpha_vp"": 1.05, ""beta"": 0.24, ""buffer_size"": 12}, ""stage2"": {""gr"": 245, ""H_min"": 0.5, ""alpha_vp"": 1.95, ""beta"": 1.82, ""buffer_size"": 32}, ""stage3"": {""gr"": 500, ""H_min"": 0.82, ""alpha_vp"": 1.3, ""beta"": 0.25, ""buffer_size"": 18}}",0.1,0.5212634665891528
2025-04-22T13:04:31,smooth_trial01_0058.json,yes,"{""stage1"": {""gr"": 85, ""H_min"": 0.55, ""alpha_vp"": 1.2, ""beta"": 0.16, ""buffer_size"": 28}, ""stage2"": {""gr"": 290, ""H_min"": 0.5, ""alpha_vp"": 1.9, ""beta"": 1.92, ""buffer_size"": 32}, ""stage3"": {""gr"": 500, ""H_min"": 0.96, ""alpha_vp"": 1.25, ""beta"": 0.45, ""buffer_size"": 18}}",0.1,0.5032350294291973
2025-04-22T15:47:36,smooth_trial01_0059.json,yes,"{""stage1"": {""gr"": 95, ""H_min"": 0.7000000000000001, ""alpha_vp"": 0.9500000000000001, ""beta"": 0.28, ""buffer_size"": 14}, ""stage2"": {""gr"": 310, ""H_min"": 0.5, ""alpha_vp"": 1.7, ""beta"": 1.9000000000000001, ""buffer_size"": 38}, ""stage3"": {""gr"": 500, ""H_min"": 0.98, ""alpha_vp"": 1.4, ""beta"": 0.15000000000000002, ""buffer_size"": 22}}",0.1,0.5151323314756155
2025-04-22T16:19:08,smooth_trial01_0060.json,yes,"{""stage1"": {""gr"": 95, ""H_min"": 0.5, ""alpha_vp"": 0.9, ""beta"": 0.24, ""buffer_size"": 14}, ""stage2"": {""gr"": 310, ""H_min"": 0.5, ""alpha_vp"": 1.5, ""beta"": 1.94, ""buffer_size"": 26}, ""stage3"": {""gr"": 500, ""H_min"": 0.62, ""alpha_vp"": 1.25, ""beta"": 0.05, ""buffer_size"": 22}}",0.1,0.5191506957635283
2025-04-22T16:50:24,smooth_trial01_0061.json,yes,"{""stage1"": {""gr"": 85, ""H_min"": 0.65, ""alpha_vp"": 1.1, ""beta"": 0.14, ""buffer_size"": 12}, ""stage2"": {""gr"": 330, ""H_min"": 0.5, ""alpha_vp"": 1.95, ""beta"": 1.84, ""buffer_size"": 34}, ""stage3"": {""gr"": 500, ""H_min"": 0.62, ""alpha_vp"": 1.8, ""beta"": 0.35000000000000003, ""buffer_size"": 24}}",0.1,0.513534850999713
2025-04-22T17:20:40,smooth_trial01_0062.json,yes,"{""stage1"": {""gr"": 105, ""H_min"": 0.7000000000000001, ""alpha_vp"": 1.05, ""beta"": 0.08, ""buffer_size"": 18}, ""stage2"": {""gr"": 290, ""H_min"": 0.5, ""alpha_vp"": 1.75, ""beta"": 1.8800000000000001, ""buffer_size"": 38}, ""stage3"": {""gr"": 500, ""H_min"": 0.74, ""alpha_vp"": 1.4, ""beta"": 0.1, ""buffer_size"": 28}}",0.1,0.5162478160113096
2025-04-22T17:53:01,smooth_trial01_0063.json,yes,"{""stage1"": {""gr"": 120, ""H_min"": 0.55, ""alpha_vp"": 0.9500000000000001, ""beta"": 0.34, ""buffer_size"": 16}, ""stage2"": {""gr"": 290, ""H_min"": 0.5, ""alpha_vp"": 1.95, ""beta"": 1.8, ""buffer_size"": 26}, ""stage3"": {""gr"": 500, ""H_min"": 0.6599999999999999, ""alpha_vp"": 1.25, ""beta"": 0.45, ""buffer_size"": 24}}",0.1,0.5053212525323033
2025-04-22T18:24:33,smooth_trial01_0064.json,yes,"{""stage1"": {""gr"": 80, ""H_min"": 0.65, ""alpha_vp"": 1.05, ""beta"": 0.18, ""buffer_size"": 22}, ""stage2"": {""gr"": 315, ""H_min"": 0.5, ""alpha_vp"": 1.25, ""beta"": 1.8, ""buffer_size"": 34}, ""stage3"": {""gr"": 500, ""H_min"": 0.8, ""alpha_vp"": 1.95, ""beta"": 0.25, ""buffer_size"": 18}}",0.1,0.5196112360805273
2025-04-22T18:56:02,smooth_trial01_0065.json,yes,"{""stage1"": {""gr"": 125, ""H_min"": 0.5, ""alpha_vp"": 0.9500000000000001, ""beta"": 0.22, ""buffer_size"": 26}, ""stage2"": {""gr"": 295, ""H_min"": 0.58, ""alpha_vp"": 1.55, ""beta"": 1.98, ""buffer_size"": 28}, ""stage3"": {""gr"": 500, ""H_min"": 0.94, ""alpha_vp"": 1.55, ""beta"": 0.15000000000000002, ""buffer_size"": 16}}",0.1,0.5150795100256801
2025-04-22T19:28:05,smooth_trial01_0066.json,yes,"{""stage1"": {""gr"": 115, ""H_min"": 0.6000000000000001, ""alpha_vp"": 0.9, ""beta"": 0.36, ""buffer_size"": 12}, ""stage2"": {""gr"": 330, ""H_min"": 0.5, ""alpha_vp"": 1.65, ""beta"": 1.8, ""buffer_size"": 32}, ""stage3"": {""gr"": 500, ""H_min"": 0.6799999999999999, ""alpha_vp"": 1.7, ""beta"": 0.30000000000000004, ""buffer_size"": 14}}",0.1,0.5234604388475418
2025-04-22T19:57:21,smooth_trial01_0067.json,yes,"{""stage1"": {""gr"": 125, ""H_min"": 0.75, ""alpha_vp"": 1.2, ""beta"": 0.04, ""buffer_size"": 22}, ""stage2"": {""gr"": 300, ""H_min"": 0.5, ""alpha_vp"": 1.25, ""beta"": 1.8, ""buffer_size"": 38}, ""stage3"": {""gr"": 500, ""H_min"": 0.8, ""alpha_vp"": 1.65, ""beta"": 0.0, ""buffer_size"": 22}}",0.1,0.5287027508020401
2025-04-22T20:26:48,smooth_trial01_0068.json,yes,"{""stage1"": {""gr"": 125, ""H_min"": 0.75, ""alpha_vp"": 1.2, ""beta"": 0.06, ""buffer_size"": 24}, ""stage2"": {""gr"": 305, ""H_min"": 0.58, ""alpha_vp"": 1.25, ""beta"": 1.86, ""buffer_size"": 38}, ""stage3"": {""gr"": 500, ""H_min"": 0.82, ""alpha_vp"": 1.65, ""beta"": 0.05, ""buffer_size"": 22}}",0.1,0.5175567410886288
2025-04-22T20:55:40,smooth_trial01_0069.json,yes,"{""stage1"": {""gr"": 125, ""H_min"": 0.75, ""alpha_vp"": 1.0, ""beta"": 0.02, ""buffer_size"": 22}, ""stage2"": {""gr"": 275, ""H_min"": 0.5, ""alpha_vp"": 1.3, ""beta"": 1.8, ""buffer_size"": 38}, ""stage3"": {""gr"": 500, ""H_min"": 0.62, ""alpha_vp"": 1.55, ""beta"": 0.0, ""buffer_size"": 18}}",0.1,0.5323901269584894
2025-04-22T21:24:21,smooth_trial01_0070.json,yes,"{""stage1"": {""gr"": 125, ""H_min"": 0.75, ""alpha_vp"": 1.0, ""beta"": 0.02, ""buffer_size"": 22}, ""stage2"": {""gr"": 275, ""H_min"": 0.54, ""alpha_vp"": 1.25, ""beta"": 1.9000000000000001, ""buffer_size"": 38}, ""stage3"": {""gr"": 500, ""H_min"": 0.62, ""alpha_vp"": 1.65, ""beta"": 0.0, ""buffer_size"": 12}}",0.1,0.5257856752723455
2025-04-22T21:53:36,smooth_trial01_0071.json,yes,"{""stage1"": {""gr"": 125, ""H_min"": 0.75, ""alpha_vp"": 1.1500000000000001, ""beta"": 0.04, ""buffer_size"": 22}, ""stage2"": {""gr"": 325, ""H_min"": 0.62, ""alpha_vp"": 1.35, ""beta"": 1.84, ""buffer_size"": 36}, ""stage3"": {""gr"": 500, ""H_min"": 0.6599999999999999, ""alpha_vp"": 1.55, ""beta"": 0.0, ""buffer_size"": 28}}",0.1,0.5260287567973136
2025-04-22T22:22:47,smooth_trial01_0072.json,yes,"{""stage1"": {""gr"": 120, ""H_min"": 0.7000000000000001, ""alpha_vp"": 1.0, ""beta"": 0.02, ""buffer_size"": 18}, ""stage2"": {""gr"": 295, ""H_min"": 0.62, ""alpha_vp"": 1.3, ""beta"": 1.8800000000000001, ""buffer_size"": 38}, ""stage3"": {""gr"": 500, ""H_min"": 0.62, ""alpha_vp"": 1.65, ""beta"": 0.05, ""buffer_size"": 18}}",0.1,0.5191800940781832
2025-04-22T22:52:01,smooth_trial01_0073.json,yes,"{""stage1"": {""gr"": 120, ""H_min"": 0.75, ""alpha_vp"": 1.0, ""beta"": 0.02, ""buffer_size"": 26}, ""stage2"": {""gr"": 305, ""H_min"": 0.54, ""alpha_vp"": 1.3, ""beta"": 1.94, ""buffer_size"": 38}, ""stage3"": {""gr"": 500, ""H_min"": 0.64, ""alpha_vp"": 1.55, ""beta"": 0.0, ""buffer_size"": 24}}",0.1,0.5347874922677874
2025-04-22T23:20:42,smooth_trial01_0074.json,yes,"{""stage1"": {""gr"": 125, ""H_min"": 0.75, ""alpha_vp"": 1.05, ""beta"": 0.02, ""buffer_size"": 26}, ""stage2"": {""gr"": 270, ""H_min"": 0.54, ""alpha_vp"": 1.3, ""beta"": 1.94, ""buffer_size"": 38}, ""stage3"": {""gr"": 500, ""H_min"": 0.64, ""alpha_vp"": 1.55, ""beta"": 0.0, ""buffer_size"": 24}}",0.1,0.5214964520186186
2025-04-22T23:50:23,smooth_trial01_0075.json,yes,"{""stage1"": {""gr"": 120, ""H_min"": 0.8, ""alpha_vp"": 0.9500000000000001, ""beta"": 0.04, ""buffer_size"": 26}, ""stage2"": {""gr"": 305, ""H_min"": 0.54, ""alpha_vp"": 1.25, ""beta"": 1.94, ""buffer_size"": 36}, ""stage3"": {""gr"": 500, ""H_min"": 0.7, ""alpha_vp"": 1.75, ""beta"": 0.0, ""buffer_size"": 22}}",0.1,0.5307403160259128
2025-04-23T09:09:32,smooth_trial01_0076.json,yes,"{""stage1"": {""gr"": 120, ""H_min"": 0.8, ""alpha_vp"": 0.9, ""beta"": 0.06, ""buffer_size"": 28}, ""stage2"": {""gr"": 305, ""H_min"": 0.54, ""alpha_vp"": 1.25, ""beta"": 1.94, ""buffer_size"": 36}, ""stage3"": {""gr"": 500, ""H_min"": 0.72, ""alpha_vp"": 1.75, ""beta"": 0.05, ""buffer_size"": 22}}",0.1,0.5292785920202732
2025-04-23T09:38:40,smooth_trial01_0077.json,yes,"{""stage1"": {""gr"": 120, ""H_min"": 0.8, ""alpha_vp"": 0.9, ""beta"": 0.04, ""buffer_size"": 28}, ""stage2"": {""gr"": 305, ""H_min"": 0.54, ""alpha_vp"": 1.25, ""beta"": 1.94, ""buffer_size"": 36}, ""stage3"": {""gr"": 500, ""H_min"": 0.72, ""alpha_vp"": 1.8, ""beta"": 0.0, ""buffer_size"": 22}}",0.1,0.5288567999377847
2025-04-23T10:08:35,smooth_trial01_0078.json,yes,"{""stage1"": {""gr"": 120, ""H_min"": 0.8, ""alpha_vp"": 0.9, ""beta"": 0.06, ""buffer_size"": 28}, ""stage2"": {""gr"": 305, ""H_min"": 0.54, ""alpha_vp"": 1.3, ""beta"": 1.94, ""buffer_size"": 36}, ""stage3"": {""gr"": 500, ""H_min"": 0.72, ""alpha_vp"": 1.8, ""beta"": 0.05, ""buffer_size"": 20}}",0.1,0.5243776563555003
2025-04-23T10:38:00,smooth_trial01_0079.json,yes,"{""stage1"": {""gr"": 120, ""H_min"": 0.8, ""alpha_vp"": 0.8500000000000001, ""beta"": 0.06, ""buffer_size"": 28}, ""stage2"": {""gr"": 305, ""H_min"": 0.54, ""alpha_vp"": 1.25, ""beta"": 1.94, ""buffer_size"": 36}, ""stage3"": {""gr"": 500, ""H_min"": 0.7, ""alpha_vp"": 1.75, ""beta"": 0.0, ""buffer_size"": 22}}",0.1,0.5343182712793351
2025-04-23T11:07:32,smooth_trial01_0080.json,yes,"{""stage1"": {""gr"": 120, ""H_min"": 0.8, ""alpha_vp"": 0.8500000000000001, ""beta"": 0.08, ""buffer_size"": 26}, ""stage2"": {""gr"": 315, ""H_min"": 0.58, ""alpha_vp"": 1.25, ""beta"": 1.92, ""buffer_size"": 34}, ""stage3"": {""gr"": 500, ""H_min"": 0.7, ""alpha_vp"": 1.75, ""beta"": 0.0, ""buffer_size"": 20}}",0.1,0.5245770690962672
2025-04-23T11:37:34,smooth_trial01_0081.json,yes,"{""stage1"": {""gr"": 115, ""H_min"": 0.8, ""alpha_vp"": 0.8500000000000001, ""beta"": 0.06, ""buffer_size"": 28}, ""stage2"": {""gr"": 295, ""H_min"": 0.54, ""alpha_vp"": 1.3, ""beta"": 1.96, ""buffer_size"": 36}, ""stage3"": {""gr"": 500, ""H_min"": 0.7, ""alpha_vp"": 1.75, ""beta"": 0.05, ""buffer_size"": 24}}",0.1,0.5230742041021585
2025-04-23T12:07:18,smooth_trial01_0082.json,yes,"{""stage1"": {""gr"": 120, ""H_min"": 0.8, ""alpha_vp"": 0.8500000000000001, ""beta"": 0.1, ""buffer_size"": 26}, ""stage2"": {""gr"": 285, ""H_min"": 0.54, ""alpha_vp"": 1.4, ""beta"": 1.94, ""buffer_size"": 38}, ""stage3"": {""gr"": 500, ""H_min"": 0.7, ""alpha_vp"": 1.5, ""beta"": 0.0, ""buffer_size"": 22}}",0.1,0.5283880058676005
2025-04-23T12:36:10,smooth_trial01_0083.json,yes,"{""stage1"": {""gr"": 125, ""H_min"": 0.8, ""alpha_vp"": 0.9500000000000001, ""beta"": 0.02, ""buffer_size"": 28}, ""stage2"": {""gr"": 315, ""H_min"": 0.58, ""alpha_vp"": 1.35, ""beta"": 1.98, ""buffer_size"": 36}, ""stage3"": {""gr"": 500, ""H_min"": 0.74, ""alpha_vp"": 1.7, ""beta"": 0.0, ""buffer_size"": 20}}",0.1,0.5294620981439948
2025-04-23T13:04:44,smooth_trial01_0084.json,yes,"{""stage1"": {""gr"": 125, ""H_min"": 0.8, ""alpha_vp"": 0.9500000000000001, ""beta"": 0.02, ""buffer_size"": 24}, ""stage2"": {""gr"": 315, ""H_min"": 0.58, ""alpha_vp"": 1.35, ""beta"": 1.98, ""buffer_size"": 40}, ""stage3"": {""gr"": 500, ""H_min"": 0.76, ""alpha_vp"": 1.7, ""beta"": 0.0, ""buffer_size"": 20}}",0.1,0.5181016661226749
2025-04-23T13:34:05,smooth_trial01_0085.json,yes,"{""stage1"": {""gr"": 130, ""H_min"": 0.75, ""alpha_vp"": 1.0, ""beta"": 0.02, ""buffer_size"": 26}, ""stage2"": {""gr"": 335, ""H_min"": 0.58, ""alpha_vp"": 1.4, ""beta"": 1.98, ""buffer_size"": 34}, ""stage3"": {""gr"": 500, ""H_min"": 0.76, ""alpha_vp"": 1.55, ""beta"": 0.0, ""buffer_size"": 20}}",0.1,0.5275186641141772
2025-04-23T14:03:36,smooth_trial01_0086.json,yes,"{""stage1"": {""gr"": 130, ""H_min"": 0.8, ""alpha_vp"": 0.9500000000000001, ""beta"": 0.0, ""buffer_size"": 28}, ""stage2"": {""gr"": 300, ""H_min"": 0.62, ""alpha_vp"": 1.3, ""beta"": 1.96, ""buffer_size"": 38}, ""stage3"": {""gr"": 500, ""H_min"": 0.64, ""alpha_vp"": 1.65, ""beta"": 0.05, ""buffer_size"": 18}}",0.1,0.5212583282962442
2025-04-23T16:11:38,smooth_trial01_0087.json,yes,"{""stage1"": {""gr"": 120, ""H_min"": 0.78, ""alpha_vp"": 0.98, ""beta"": 0.04, ""buffer_size"": 28}, ""stage2"": {""gr"": 305, ""H_min"": 0.52, ""alpha_vp"": 1.23, ""beta"": 1.92, ""buffer_size"": 21}, ""stage3"": {""gr"": 500, ""H_min"": 0.7, ""alpha_vp"": 1.62, ""beta"": 0.0, ""buffer_size"": 21}}",0.1,0.5299722079187632
2025-04-23T16:41:20,smooth_trial01_0088.json,yes,"{""stage1"": {""gr"": 120, ""H_min"": 0.78, ""alpha_vp"": 0.98, ""beta"": 0.04, ""buffer_size"": 28}, ""stage2"": {""gr"": 305, ""H_min"": 0.52, ""alpha_vp"": 1.23, ""beta"": 1.92, ""buffer_size"": 23}, ""stage3"": {""gr"": 500, ""H_min"": 0.7, ""alpha_vp"": 1.62, ""beta"": 0.0, ""buffer_size"": 21}}",0.1,0.531714733876288
2025-04-23T17:11:18,smooth_trial01_0089.json,yes,"{""stage1"": {""gr"": 120, ""H_min"": 0.78, ""alpha_vp"": 0.98, ""beta"": 0.04, ""buffer_size"": 26}, ""stage2"": {""gr"": 305, ""H_min"": 0.52, ""alpha_vp"": 1.23, ""beta"": 1.92, ""buffer_size"": 17}, ""stage3"": {""gr"": 500, ""H_min"": 0.7, ""alpha_vp"": 1.62, ""beta"": 0.0, ""buffer_size"": 21}}",0.1,0.533571427129209
2025-04-23T17:41:15,smooth_trial01_0090.json,yes,"{""stage1"": {""gr"": 120, ""H_min"": 0.78, ""alpha_vp"": 0.98, ""beta"": 0.04, ""buffer_size"": 26}, ""stage2"": {""gr"": 305, ""H_min"": 0.52, ""alpha_vp"": 1.23, ""beta"": 1.92, ""buffer_size"": 17}, ""stage3"": {""gr"": 500, ""H_min"": 0.7, ""alpha_vp"": 1.62, ""beta"": 0.0, ""buffer_size"": 21}}",0.1,0.5268701937049627
2025-04-23T18:11:36,smooth_trial01_0091.json,yes,"{""stage1"": {""gr"": 120, ""H_min"": 0.78, ""alpha_vp"": 0.98, ""beta"": 0.04, ""buffer_size"": 26}, ""stage2"": {""gr"": 305, ""H_min"": 0.42000000000000004, ""alpha_vp"": 1.23, ""beta"": 1.92, ""buffer_size"": 17}, ""stage3"": {""gr"": 500, ""H_min"": 0.6799999999999999, ""alpha_vp"": 1.62, ""beta"": 0.0, ""buffer_size"": 21}}",0.1,0.5325059140101075
2025-04-23T18:41:54,smooth_trial01_0092.json,yes,"{""stage1"": {""gr"": 120, ""H_min"": 0.78, ""alpha_vp"": 0.98, ""beta"": 0.04, ""buffer_size"": 26}, ""stage2"": {""gr"": 305, ""H_min"": 0.42000000000000004, ""alpha_vp"": 1.23, ""beta"": 1.9000000000000001, ""buffer_size"": 17}, ""stage3"": {""gr"": 500, ""H_min"": 0.6799999999999999, ""alpha_vp"": 1.62, ""beta"": 0.0, ""buffer_size"": 21}}",0.1,0.5349868346005678
2025-04-23T19:12:33,smooth_trial01_0093.json,yes,"{""stage1"": {""gr"": 120, ""H_min"": 0.78, ""alpha_vp"": 0.98, ""beta"": 0.06, ""buffer_size"": 26}, ""stage2"": {""gr"": 305, ""H_min"": 0.42000000000000004, ""alpha_vp"": 1.23, ""beta"": 1.9000000000000001, ""buffer_size"": 17}, ""stage3"": {""gr"": 500, ""H_min"": 0.6599999999999999, ""alpha_vp"": 1.62, ""beta"": 0.0, ""buffer_size"": 21}}",0.1,0.5268268315121531
2025-04-23T19:43:07,smooth_trial01_0094.json,yes,"{""stage1"": {""gr"": 120, ""H_min"": 0.78, ""alpha_vp"": 0.98, ""beta"": 0.02, ""buffer_size"": 26}, ""stage2"": {""gr"": 310, ""H_min"": 0.42000000000000004, ""alpha_vp"": 1.23, ""beta"": 1.9000000000000001, ""buffer_size"": 17}, ""stage3"": {""gr"": 500, ""H_min"": 0.6799999999999999, ""alpha_vp"": 1.62, ""beta"": 0.0, ""buffer_size"": 21}}",0.1,0.5316730311140418
2025-04-23T20:14:11,smooth_trial01_0095.json,yes,"{""stage1"": {""gr"": 120, ""H_min"": 0.78, ""alpha_vp"": 0.98, ""beta"": 0.04, ""buffer_size"": 24}, ""stage2"": {""gr"": 305, ""H_min"": 0.42000000000000004, ""alpha_vp"": 1.23, ""beta"": 1.92, ""buffer_size"": 17}, ""stage3"": {""gr"": 500, ""H_min"": 0.6799999999999999, ""alpha_vp"": 1.62, ""beta"": 0.0, ""buffer_size"": 21}}",0.1,0.5246669467538595
2025-04-23T20:44:03,smooth_trial01_0096.json,yes,"{""stage1"": {""gr"": 115, ""H_min"": 0.72, ""alpha_vp"": 0.98, ""beta"": 0.02, ""buffer_size"": 26}, ""stage2"": {""gr"": 305, ""H_min"": 0.52, ""alpha_vp"": 1.3199999999999998, ""beta"": 1.92, ""buffer_size"": 15}, ""stage3"": {""gr"": 500, ""H_min"": 0.6799999999999999, ""alpha_vp"": 1.62, ""beta"": 0.0, ""buffer_size"": 21}}",0.1,0.531226153485477
2025-04-23T21:18:14,smooth_trial01_0097.json,yes,"{""stage1"": {""gr"": 120, ""H_min"": 0.78, ""alpha_vp"": 0.98, ""beta"": 0.02, ""buffer_size"": 26}, ""stage2"": {""gr"": 310, ""H_min"": 0.42000000000000004, ""alpha_vp"": 1.23, ""beta"": 1.9000000000000001, ""buffer_size"": 17}, ""stage3"": {""gr"": 500, ""H_min"": 0.6799999999999999, ""alpha_vp"": 1.62, ""beta"": 0.0, ""buffer_size"": 21}}",0.1,0.5288107302039862
2025-04-23T21:48:31,smooth_trial01_0098.json,yes,"{""stage1"": {""gr"": 120, ""H_min"": 0.78, ""alpha_vp"": 0.98, ""beta"": 0.04, ""buffer_size"": 26}, ""stage2"": {""gr"": 310, ""H_min"": 0.44, ""alpha_vp"": 1.23, ""beta"": 1.9000000000000001, ""buffer_size"": 17}, ""stage3"": {""gr"": 500, ""H_min"": 0.6799999999999999, ""alpha_vp"": 1.59, ""beta"": 0.0, ""buffer_size"": 21}}",0.1,0.5243125705048441
2025-04-23T22:41:12,smooth_trial01_0099.json,yes,"{""stage1"": {""gr"": 120, ""H_min"": 0.78, ""alpha_vp"": 0.98, ""beta"": 0.02, ""buffer_size"": 26}, ""stage2"": {""gr"": 305, ""H_min"": 0.44, ""alpha_vp"": 1.23, ""beta"": 1.8800000000000001, ""buffer_size"": 23}, ""stage3"": {""gr"": 500, ""H_min"": 0.6599999999999999, ""alpha_vp"": 1.68, ""beta"": 0.0, ""buffer_size"": 21}}",0.1,0.53105771522969
2025-04-23T23:24:07,smooth_trial01_0100.json,yes,"{""stage1"": {""gr"": 120, ""H_min"": 0.78, ""alpha_vp"": 0.98, ""beta"": 0.06, ""buffer_size"": 30}, ""stage2"": {""gr"": 305, ""H_min"": 0.42000000000000004, ""alpha_vp"": 1.2, ""beta"": 1.9000000000000001, ""buffer_size"": 15}, ""stage3"": {""gr"": 500, ""H_min"": 0.62, ""alpha_vp"": 1.62, ""beta"": 0.0, ""buffer_size"": 21}}",0.1,0.5276888549327851
